gp_name_en,gp_name_hi,source_url
Amgaon,आमगांव,https://digitalchhattisgarh.com/panchayat-village-list/surguja-mainpat-gram-panchayat-list/
Asgawan,असगवां,https://digitalchhattisgarh.com/panchayat-village-list/surguja-mainpat-gram-panchayat-list/
Askara,अस्करा,https://digitalchhattisgarh.com/panchayat-village-list/surguja-mainpat-gram-panchayat-list/
Bandana,बंदाना,https://digitalchhattisgarh.com/panchayat-village-list/surguja-mainpat-gram-panchayat-list/
Barima,बरीमा,https://digitalchhattisgarh.com/panchayat-village-list/surguja-mainpat-gram-panchayat-list/
Bisarpani,बिसरपानी,https://digitalchhattisgarh.com/panchayat-village-list/surguja-mainpat-gram-panchayat-list/
Chainpur,चैनपुर,https://digitalchhattisgarh.com/panchayat-village-list/surguja-mainpat-gram-panchayat-list/
Chidapara,छिदापारा,https://digitalchhattisgarh.com/panchayat-village-list/surguja-mainpat-gram-panchayat-list/
Dangbuda,डांगबुड़ा,https://digitalchhattisgarh.com/panchayat-village-list/surguja-mainpat-gram-panchayat-list/
Harramar,हर्रामार,https://digitalchhattisgarh.com/panchayat-village-list/surguja-mainpat-gram-panchayat-list/
Jajga,जजगा,https://digitalchhattisgarh.com/panchayat-village-list/surguja-mainpat-gram-panchayat-list/
Jamdhodhi,जामधोड़ी,https://digitalchhattisgarh.com/panchayat-village-list/surguja-mainpat-gram-panchayat-list/
Jamkani,जामकानी,https://digitalchhattisgarh.com/panchayat-village-list/surguja-mainpat-gram-panchayat-list/
Kadnai,कदनाई,https://digitalchhattisgarh.com/panchayat-village-list/surguja-mainpat-gram-panchayat-list/
Kaljiwa,कलजीवा,https://digitalchhattisgarh.com/panchayat-village-list/surguja-mainpat-gram-panchayat-list/
Kamleshwarpur,कमलेश्वरपुर,https://digitalchhattisgarh.com/panchayat-village-list/surguja-mainpat-gram-panchayat-list/
Karabel,काराबेल,https://digitalchhattisgarh.com/panchayat-village-list/surguja-mainpat-gram-panchayat-list/
Karamha,करमहा,https://digitalchhattisgarh.com/panchayat-village-list/surguja-mainpat-gram-panchayat-list/
Katkalo,कटकलो,https://digitalchhattisgarh.com/panchayat-village-list/surguja-mainpat-gram-panchayat-list/
Kesara,केसरा,https://digitalchhattisgarh.com/panchayat-village-list/surguja-mainpat-gram-panchayat-list/
Khadgaon,खडगाँव,https://digitalchhattisgarh.com/panchayat-village-list/surguja-mainpat-gram-panchayat-list/
Kot,कोट,https://digitalchhattisgarh.com/panchayat-village-list/surguja-mainpat-gram-panchayat-list/
Kotchhal,कोटछाल,https://digitalchhattisgarh.com/panchayat-village-list/surguja-mainpat-gram-panchayat-list/
Kudaridih,कुदरीडीह,https://digitalchhattisgarh.com/panchayat-village-list/surguja-mainpat-gram-panchayat-list/
Kuniya,कुनिया,https://digitalchhattisgarh.com/panchayat-village-list/surguja-mainpat-gram-panchayat-list/
Kunkuri Khurd,कुनकुरी खुर्द,https://digitalchhattisgarh.com/panchayat-village-list/surguja-mainpat-gram-panchayat-list/
Lurena,लुरैना,https://digitalchhattisgarh.com/panchayat-village-list/surguja-mainpat-gram-panchayat-list/
Maharanipur,महारानीपुर,https://digitalchhattisgarh.com/panchayat-village-list/surguja-mainpat-gram-panchayat-list/
Narmadapur,नर्मदापुर,https://digitalchhattisgarh.com/panchayat-village-list/surguja-mainpat-gram-panchayat-list/
Paiga,पैगा,https://digitalchhattisgarh.com/panchayat-village-list/surguja-mainpat-gram-panchayat-list/
Parpatiya,परपतिया,https://digitalchhattisgarh.com/panchayat-village-list/surguja-mainpat-gram-panchayat-list/
Pathrai,पथराई,https://digitalchhattisgarh.com/panchayat-village-list/surguja-mainpat-gram-panchayat-list/
Pent,पेंट,https://digitalchhattisgarh.com/panchayat-village-list/surguja-mainpat-gram-panchayat-list/
Pidiya,पिड़िया,https://digitalchhattisgarh.com/panchayat-village-list/surguja-mainpat-gram-panchayat-list/
Rajapur,राजापुर,https://digitalchhattisgarh.com/panchayat-village-list/surguja-mainpat-gram-panchayat-list/
Rajkheta,राजखेता,https://digitalchhattisgarh.com/panchayat-village-list/surguja-mainpat-gram-panchayat-list/
Ropakhar,रोपाखार,https://digitalchhattisgarh.com/panchayat-village-list/surguja-mainpat-gram-panchayat-list/
Salainagar,सलैनगर,https://digitalchhattisgarh.com/panchayat-village-list/surguja-mainpat-gram-panchayat-list/
Samaniya,समानिया,https://digitalchhattisgarh.com/panchayat-village-list/surguja-mainpat-gram-panchayat-list/
Sapnadar,सपनादर,https://digitalchhattisgarh.com/panchayat-village-list/surguja-mainpat-gram-panchayat-list/
Sarbhanja,सरभंजा,https://digitalchhattisgarh.com/panchayat-village-list/surguja-mainpat-gram-panchayat-list/
Supalga,सुपलग,https://digitalchhattisgarh.com/panchayat-village-list/surguja-mainpat-gram-panchayat-list/
Udumkela,उदुमकेला,https://digitalchhattisgarh.com/panchayat-village-list/surguja-mainpat-gram-panchayat-list/
Uranga,उरंगा,https://digitalchhattisgarh.com/panchayat-village-list/surguja-mainpat-gram-panchayat-list/
